semana,casos
2024-01-01,1
2024-01-08,4
2024-01-15,7
2024-01-22,8
2024-01-29,6
2024-02-05,3
2024-02-12,5
2024-02-19,12
2024-02-26,8
2024-03-04,20
2024-03-11,21
2024-03-18,28
2024-03-25,25
2024-04-01,47
2024-04-08,68
2024-04-15,90
2024-04-22,110
2024-04-29,94
2024-05-06,107
2024-05-13,92
2024-05-20,95
2024-05-27,78
2024-06-03,111
2024-06-10,136
2024-06-17,86
2024-06-24,81
2024-07-01,88
2024-07-08,96
2024-07-15,89
2024-07-22,73
2024-07-29,48
2024-08-05,66
2024-08-12,56
2024-08-19,95
2024-08-26,71
2024-09-02,100
2024-09-09,90
2024-09-16,65
2024-09-23,71
2024-09-30,61
2024-10-07,37
2024-10-14,38
2024-10-21,53
2024-10-28,44
2024-11-04,34
2024-11-11,32
2024-11-18,18
2024-11-25,9
2024-12-02,15
2024-12-09,21
2024-12-16,14
2024-12-23,8
2024-12-30,6
2025-01-06,1
2025-02-24,3
2025-03-17,1
2025-06-02,1
